maze,step_size,pred_success
maze1,0.4,0.7722222222222224
maze1,0.45,0.7766666666666667
maze1,0.48,0.7688888888888887
maze1,0.5,0.7899999999999999
maze1,0.52,0.7811111111111112
maze1,0.55,0.8077777777777778
maze1,0.6,0.8066666666666668
maze2,0.4,0.17666666666666675
maze2,0.45,0.23777777777777778
maze2,0.48,0.3044444444444445
maze2,0.5,0.3400000000000001
maze2,0.52,0.2822222222222223
maze2,0.55,0.2277777777777778
maze2,0.6,0.20777777777777778
maze3,0.4,0.49777777777777804
maze3,0.45,0.531111111111111
maze3,0.48,0.5488888888888889
maze3,0.5,0.5544444444444445
maze3,0.52,0.5555555555555556
maze3,0.55,0.5177777777777778
maze3,0.6,0.5033333333333334
